[{"username":"Sn1peXx","lang":"Английский язык","word":"narrow","desc":"","translate":"узкий","rudesc":""},{"username":"Sn1peXx","lang":"Английский язык","word":"bush","desc":"","translate":"куст","rudesc":""},{"username":"Sn1peXx","lang":"Английский язык","word":"candle","desc":"","translate":"свеча","rudesc":""},{"username":"Sn1peXx","lang":"Английский язык","word":"bring","desc":"","translate":"приносить","rudesc":""},{"username":"Sn1peXx","lang":"Английский язык","word":"corner","desc":"","translate":"угол","rudesc":""},{"username":"Sn1peXx","lang":"Английский язык","word":"astonishment","desc":"","translate":"удивление","rudesc":""},{"username":"Sn1peXx","lang":"Английский язык","word":"cat","desc":"","translate":"кошка","rudesc":""},{"username":"Andrey","lang":"Английский язык","word":"cat","desc":"","translate":"кошка","rudesc":""},{"username":"Lavr123usenko","lang":"Немецкий язык","word":"sprechen","desc":"","translate":"Говорить","rudesc":""},{"username":"Lavr123usenko","lang":"Немецкий язык","word":"helfen","desc":"","translate":"помогать","rudesc":""},{"username":"Lavr123usenko","lang":"Немецкий язык","word":"geben","desc":"","translate":"давать","rudesc":""},{"username":"Lavr123usenko","lang":"Немецкий язык","word":"stehen","desc":"","translate":"стоять","rudesc":""},{"username":"Lavr123usenko","lang":"Немецкий язык","word":"fahren","desc":"","translate":"ехать","rudesc":""},{"username":"Lavr123usenko","lang":"Английский язык","word":"fawefawefawefawef","desc":"","translate":"awefawefawef","rudesc":""}]